"nazwa","TERYT","odl_Wawa","odl_woj"
"Tomice","1218082",278,37
"Lwówek Śląski","0212033",397,97
"Warlubie","0414112",228,67
"Gostycyn","0416022",260,75
"Biała Podlaska","0601032",134,97
"Wisznice","0601182",153,75
"Sławatycze","0601142",178,93
"Piszczac","0601112",162,100
"Rossosz","0601132",148,80
"Buczek","1003012",152,35
"Józefów","1417011",16,16
"Celestynów","1417032",31,31
"Kuczbork-Osada","1437022",119,119
"Choroszcz","2002013",164,13
"Tuchola","0416063",265,85
"Chodecz","0418063",140,75
"Turobin","0602142",196,46
"Gubin","0802052",432,51
"Gubin","0802011",433,53
"Bytnica","0802032",403,36
"Witonia","1004082",122,43
"Lesznowola","1418032",20,20
"Bodzanów","1419022",78,78
"Chmielnik","1816042",263,13
"Trzebownisko","1816132",245,14
"Łapy","2002063",149,24
"Poświętne","2002082",141,33
"Lubraniec","0418123",154,58
"Częstochowa","2464011",208,67
"Międzyrzecz","0803023",374,57
"Bytom Odrzański","0804023",365,31
"Ośno Lubuskie","0805033",421,72
"Rzgów","1006103",124,13
"Paradyż","1007052",123,67
"Opoczno","1007043",105,70
"Sławno","1007072",112,62
"Załuski","1420122",48,48
"Gogolin","1605013",286,22
"Zdzieszowice","1605053",288,31
"Przemków","0216053",370,92
"Borów","0217012",320,30
"Jasienica","2402052",306,43
"Wilamowice","2402093",291,35
"Janowiec","0614032",115,49
"Końskowola","0614052",116,40
"Puławy","0614092",104,54
"Liniewo","2206052",278,43
"Zapolice","1019032",167,48
"Galewice","1018032",214,94
"Skołyszyn","1805092",277,55
"Wojaszówka","1807092",276,32
"Wojcieszów","0226011",383,77
"Złotoryja","0226021",376,75
"Pakość","0407073",211,40
"Rojewo","0407082",202,22
"Bobrowniki","0408022",152,38
"Boleszkowice","3210022",445,82
"Nowogródek Pomorski","3210052",413,66
"Ulan-Majorat","0615072",106,69
"Nowodwór","0616032",95,59
"Stężyca","0616052",84,72
"Świdnik","0617011",159,8
"Głowno","1020011",97,26
"Głowno","1020052",98,28
"Rogów","1021052",93,28
"Garwolin","1403011",54,54
"Borowie","1403032",58,58
"Żelechów","1403143",73,73
"Horyniec-Zdrój","1809032",277,105
"Wąsosz","0204043",308,53
"Kozielice","3212022",434,40
"Darłowo","3213032",393,159
"Tomaszów Lubelski","0618011",258,105
"Rachanie","0618072",255,102
"Potęgowo","2212072",345,81
"Główczyce","2212042",361,90
"Kobylnica","2212062",362,112
"Huszlew","1410012",122,122
"Łosice","1410023",115,115
"Barczewo","2814013",181,18
"Bisztynek","2801043",207,47
"Grunwald","2815032",157,35
"Ostróda","2815011",180,35
"Olsztyn","2862011",176,0
"Pozezdrze","2819022",220,101
"Lelkowo","2802042",241,65
"Działdowo","2803011",127,63
"Braniewo","2802022",251,77
"Margonin","3001043",280,64
"Drawsko","3002032",348,75
"Połajewo","3002062",305,46
"Włoszakowice","3013072",322,64
"Rydzyna","3013043",305,71
"Czajków","3018012",208,140
"Kaczory","3019032",300,82
"Piła","3019011",307,82
"Wysoka","3019093",290,89
"Ujście","3019073",308,72
"Kleszczewo","3021062",267,19
"Obrzycko","3024042",311,41
"Miejska Górka","3022033",287,81
"Skoki","3028053",267,34
"Krajenka","3031033",301,95
"Wilczyn","3010142",198,87
"Nagłowice","2602042",187,41
"Sędziszów","2602063",199,51
"Imielno","2602012",188,33
"Bieliny","2604012",156,24
"Mniów","2604112",142,21
"Końskie","2605033",127,38
"Stąporków","2605083",125,33
"Ożarów","2606053",158,77
"Wilczyce","2609082",170,73
"Pińczów","2608043",198,42
"Osiek","2612043",192,67
"Waśniów","2607062",150,43
"Złota","2608052",208,52
"Sandomierz","2609011",179,82
"Samborzec","2609072",180,75
"Giżycko","2806011",206,90
"Pasłęk","2804073",221,59
"Kluczewsko","2613012",161,50
"Iława","2807011",182,63
"Cisna","1821022",352,97
"Lutowiska","1801052",361,109
"Mrozy","1412123",57,57
"Szczawnica","1211023",314,79
"Sękowa","1205092",293,101
"Szczytna","0208143",382,90
"Lewin Kłodzki","0208092",388,93
"Józefów nad Wisłą","0612023",147,50
"Wiślica","2601083",209,54
"Sanniki","1404043",82,82
"Jednorożec","1422042",103,103
"Jasionówka","2008022",185,31
"Tychy","2477011",275,10
"Nowe Miasto nad Wartą","3025032",251,50
"Sopot","2264011",297,13
"Hel","2211011",307,31
"Krokowa","2211062",343,59
"Rawa Mazowiecka","1013042",76,52
"Zduńska Wola","1019042",161,41
"Czerniewice","1016042",89,50
"Mały Płock","2006042",135,80
"Iława","2807032",185,60
"Bartoszyce","2801032",222,53
"Świerklaniec","2413072",248,26
"Orzesze","2408031",284,19
"Sadowne","1433072",71,71
"Wolin","3207063",468,51
"Pacanów","2601043",207,61
"Swarzędz","3021163",270,14
"Myślibórz","3210043",427,55
"Goszczyn","1406042",56,56
"Błędów","1406022",56,56
"Czarna","1810032",248,18
"Wolbrom","1212073",225,42
"Sucha Beskidzka","1215021",297,46
"Wądroże Wielkie","0205062",348,44
"Wielgie","0408092",135,53
"Tłuchowo","0408082",124,64
"Radziejów","0411011",177,44
"Chociwel","3214023",409,48
"Ińsko","3214053",393,63
"Urszulin","0619052",173,47
"Radecznica","0620082",211,61
"Starogard Gdański","2213122",259,42
"Zblewo","2213132",264,52
"Tczew","2214062",260,31
"Szelków","1411102",65,65
"Mińsk Mazowiecki","1412011",35,35
"Stanisławów","1412142",31,31
"Sulejówek","1412151",15,15
"Gniewoszów","1407032",98,98
"Łańcut","1810042",259,20
"Rzepiennik Strzyżewski","1216072",271,82
"Kłodzko","0208072",371,87
"Tuczno","3217043",350,103
"Chełm","0662011",208,65
"Zamość","0664011",227,73
"Brody","0811032",434,54
"Linia","2215062",321,47
"Mława","1413011",110,110
"Harasiuki","1812012",217,64
"Wojnicz","1216133",255,59
"Ruja","0209082",344,43
"Więcbork","0413043",274,87
"Drzycim","0414032",233,58
"Dobra","3218013",417,45
"Radowo Małe","3218032",411,59
"Terespol","0601021",176,120
"Lipinki Łużyckie","0811052",423,49
"Zakroczym","1414063",42,42
"Czerwin","1415032",94,94
"Krzywcza","1813052",291,46
"Werbkowice","0604082",251,100
"Dzwola","0605032",202,61
"Fajsławice","0606022",184,32
"Słubice","0805053",438,77
"Zwierzyn","0806052",378,97
"Słońsk","0807032",427,86
"Rząśnia","1009052",177,67
"Pruszków","1421021",19,19
"Wiśniowa","1819052",265,29
"Hajnówka","2005062",181,57
"Jaworzyna Śląska","0219043",353,46
"Dębowiec","2403062",317,51
"Annopol","0607023",161,60
"Gorzków","0606032",195,41
"Rudnik","0606092",201,48
"Skąpe","0808032",384,26
"Łagów","0808022",397,44
"Bojadła","0809022",359,22
"Babimost","0809013",360,32
"Czarnocin","1010022",119,24
"Moszczenica","1010062",125,33
"Rozprza","1010082",140,54
"Poddębice","1011033",153,42
"Klwów","1423032",85,85
"Rusinów","1423072",93,93
"Dobrodzień","1608013",248,38
"Iwkowa","1202062",273,49
"Mońki","2008063",172,39
"Boguszów-Gorce","0221011",375,69
"Kamienica Polska","2404042",219,52
"Michów","0608082",121,37
"Ostrówek","0608112",128,42
"Czerwieńsk","0809033",388,15
"Gomunice","1012042",161,69
"Lgota Wielka","1012082",171,71
"Radomsko","1012122",166,75
"Jastrzębia","1425042",82,82
"Ozimek","1609083",261,23
"Babice","1203022",266,40
"Mędrzechów","1204042",217,74
"Perlejewo","2010082",109,74
"Wołów","0222033",323,35
"Długołęka","0223022",290,17
"Krzęcin","3202042",388,71
"Brąszewice","1014032",197,77
"Wolanów","1425122",95,95
"Mordy","1426053",99,99
"Sompolno","3010103",174,110
"Dąbie","3009043",154,134
"Stawiszyn","3007093",203,99
"Trzcinica","3008072",242,156
"Kłodawa","3009063",149,136
"Kazimierz Biskupi","3010032",200,85
"Zakrzewo","3031072",293,112
"Zduny","3012063",263,87
"Kłobuck","2406013",206,77
"Koźmin Wielkopolski","3012033",253,72
"Wielowieś","2405082",261,45
"Kuźnia Raciborska","2411053",293,46
"Kornowac","2411022",307,51
"Żarki","2409053",213,54
"Włodowice","2416092",216,51
"Żarnowiec","2416102",211,68
"Miedzna","1433062",75,75
"Korytnica","1433032",55,55
"Racławice","1208062",219,35
"Pcim","1209042",285,31
"Janikowo","0407053",208,47
"Rymań","3208052",417,84
"Biesiekierz","3209022",397,121
"Siedlce","1426082",86,86
"Leśnica","1611043",282,35
"Ujazd","1611063",278,41
"Zawadzkie","1611073",255,44
"Biecz","1205023",279,94
"Puńsk","2009042",266,123
"Kuźnica","2011052",223,52
"Sidra","2011072",217,50
"Stoczek Łukowski","0611021",69,92
"Debrzno","2203043",298,132
"Głuchów","1015022",82,42
"Zawidz","1427072",103,103
"Sokołów Podlaski","1429011",82,82
"Skarbimierz","1601022",296,37
"Jasienica Rosielna","1802052",284,30
"Czarna","1801032",344,91
"Liszki","1206072",261,19
"Sokółka","2011083",209,36
"Suwałki","2012072",239,102
"Klukowo","2013042",117,57
"Milanów","0613032",139,62
"Inowłódz","1016052",98,58
"Lubochnia","1016062",99,44
"Sterdyń","1429092",95,95
"Sochaczew","1428011",56,56
"Iłów","1428032",71,71
"Sochaczew","1428072",58,58
"Teresin","1428082",46,46
"Jarosław","1804042",262,48
"Limanowa","1207011",284,47
"Słopnice","1207112",289,48
"Dąbrowa Chełmińska","0403022",217,30
"Solec Kujawski","0403083",210,23
"Ciechocin","0405022",171,22
"Radomin","0405052",160,39
"Świerzno","3207052",451,64
"Chojna","3206033",457,55
"Żychlin","1002113",96,53
"Bedlno","1002022",100,46
"Bielawa","0202011",355,57
"Ryńsk","0417052",185,35
"Rajcza","2417112",338,83
"Godów","2415052",313,49
"Istebna","2403092",333,73
"Świekatowo","0414102",239,56
"Śliwice","0416052",255,82
"Drelów","0601042",131,81
"Janów Podlaski","0601052",150,119
"Sosnówka","0601152",167,80
"Tuczna","0601172",168,93
"Zalesie","0601192",161,111
"Osieck","1417062",40,40
"Otwock","1417021",20,20
"Somianka","1435042",40,40
"Siemiątkowo","1437052",100,100
"Tryńcza","1814082",258,40
"Kraków","1261011",254,0
"Malczyce","0218022",336,35
"Udanin","0218052",345,39
"Milicz","0213033",272,47
"Józefów","0602073",239,88
"Tarnogród","0602123",241,99
"Tereszpol","0602132",225,76
"Brójce","1006032",116,16
"Radzanowo","1419102",91,91
"Płock","1462011",98,98
"Lubenia","1816102",265,11
"Besko","1817022",300,47
"Turośń Kościelna","2002112",158,15
"Kwidzyn","2207011",218,73
"Lubanie","0418102",157,36
"Kowal","0418092",133,66
"Lubień Kujawski","0418113",130,78
"Rogowo","0419052",236,71
"Katowice","2469011",266,0
"Ruda-Huta","0603092",209,74
"Dorohusk","0603042",220,81
"Wierzbica","0603122",188,52
"Nowe Miasteczko","0804063",373,29
"Drzewica","1007023",97,74
"Mała Wieś","1419082",71,71
"Łąck","1419072",101,101
"Wyszogród","1419153",64,64
"Kędzierzyn-Koźle","1603011",287,44
"Cisek","1603032",297,52
"Sanok","1817052",303,48
"Zaleszany","1818062",187,70
"Wiązów","0217053",310,41
"Bydgoszcz","0461011",227,40
"Lisewo","0404042",201,31
"Unisław","0404072",213,28
"Będzin","2401011",250,16
"Żyrzyn","0614112",106,47
"Nałęczów","0614083",131,25
"Dziemiany","2206022",295,71
"Kościerzyna","2206042",293,55
"Stara Kiszewa","2206082",274,54
"Lichnowy","2209032",254,31
"Tarnowiec","1805112",284,46
"Chorkówka","1807012",292,48
"Wiśniowa","1209092",281,30
"Grybów","1210011",291,84
"Łabowa","1210082",305,87
"Grybów","1210042",287,80
"Łagiewniki","0202062",337,40
"Lipno","0408011",145,43
"Piaski","0617033",172,20
"Mełgiew","0617022",163,15
"Stegna","2210042",265,26
"Ustka","2212011",382,121
"Opinogóra Górna","1402072",80,80
"Sońsk","1402092",64,64
"Pilawa","1403103",43,43
"Cieszanów","1809023",263,89
"Lubaczów","1809042",277,88
"Wielkie Oczy","1809082",283,82
"Podegrodzie","1210142",295,64
"Stary Sącz","1210163",302,73
"Kotla","0203042",349,95
"Malechowo","3213042",376,158
"Ulhówek","0618132",278,125
"Orneta","2809053",219,45
"Olsztynek","2814093",156,24
"Kiwity","2809022",210,41
"Piecki","2810042",166,58
"Kurzętnik","2812042",166,75
"Ruciane-Nida","2816043",161,75
"Biała Piska","2816013",170,109
"Pisz","2816033",151,88
"Miłakowo","2815063",206,34
"Frombork","2802033",253,82
"Górowo Iławeckie","2801021",232,57
"Braniewo","2802011",253,79
"Krzemieniewo","3013012",295,61
"Chodzież","3001032",295,65
"Rogoźno","3016023",282,39
"Sieraków","3014043",342,64
"Chrzypsko Wielkie","3014012",330,50
"Ostrów Wielkopolski","3017011",233,104
"Białośliwie","3019022",283,81
"Łobżenica","3019043",280,102
"Mosina","3021103",286,19
"Mieścisko","3028042",259,47
"Wągrowiec","3028011",270,50
"Tuliszków","3027073",188,105
"Jastrowie","3031023",323,111
"Kołaczkowo","3030012",232,56
"Kamieniec","3005032",312,39
"Rychwał","3010073",200,93
"Busko-Zdrój","2601013",198,44
"Chmielnik","2604043",182,28
"Górno","2604062",154,13
"Iwaniska","2606022",169,49
"Fałków","2605012",140,49
"Skarżysko-Kamienna","2610011",124,35
"Michałów","2608032",200,44
"Bodzechów","2607032",150,53
"Rytwiany","2612062",192,59
"Krasocin","2613022",162,36
"Kielce","2661011",156,0
"Młynary","2804063",237,69
"Prostki","2805042",187,128
"Kętrzyn","2808032",204,69
"Reszel","2808053",199,55
"Dukla","1807023",306,60
"Kietrz","1602043",325,69
"Zakopane","1217011",338,86
"Jabłonka","1211052",319,65
"Piwniczna-Zdrój","1210133",312,86
"Krynica-Zdrój","1210073",310,97
"Urzędów","0607083",155,38
"Zgorzelec","0225072",427,132
"Zgorzelec","0225021",435,138
"Złoty Stok","0224073",354,77
"Świeradów-Zdrój","0210021",424,119
"Nowa Ruda","0208112",364,65
"Podgórzyn","0206082",403,97
"Zielona Góra","0862011",381,0
"Stepnica","3204073",463,30
"Skierniewice","1015082",64,56
"Myszyniec","1415083",127,127
"Rybnik","2473011",294,35
"Rawa Mazowiecka","1013011",76,53
"Sędziszów Małopolski","1815043",244,20
"Tyczyn","1816143",263,9
"Tarnowskie Góry","2413041",250,30
"Koszyce","1214023",232,43
"Lubowidz","1437033",131,131
"Dobromierz","0219032",364,57
"Łódź","1061011",120,0
"Cielądz","1013032",77,61
"Andrzejewo","1416022",101,101
"Lubawa","2807052",168,54
"Tarnowo Podgórne","3021172",299,16
"Cewice","2208032",330,62
"Grudusk","1402052",95,95
"Sokolniki","1018062",213,94
"Lututów","1018043",204,85
"Zaręby Kościelne","1416112",92,92
"Ostrów Mazowiecka","1416011",85,85
"Dziwnów","3207013",468,64
"Trzebiatów","3205083",436,84
"Puszcza Mariańska","1438032",57,57
"Stopnica","2601063",198,49
"Kamieniec Ząbkowicki","0224033",346,68
"Goraj","0602063",202,55
"Wiskitki","1438053",52,52
"Budzyń","3001023",289,54
"Dubiecko","1813023",285,37
"Markowa","1810052",264,22
"Ochotnica Dolna","1211102",306,63
"Bukowno","1212011",247,48
"Przeciszów","1213082",275,46
"Koniusza","1214012",236,21
"Nowe Brzesko","1214033",236,31
"Bolków","0205023",375,69
"Kobylanka","3214062",437,17
"Stara Dąbrowa","3214092",421,34
"Biała Podlaska","0661011",144,99
"Włodawa","0619011",187,77
"Wyryki","0619082",173,66
"Pelplin","2214043",244,49
"Sieciechów","1407072",90,90
"Rakszawa","1810062",242,26
"Mielec","1811011",223,40
"Gawłuszowice","1811042",205,60
"Radomyśl Wielki","1811083",227,54
"Chełmek","1213033",270,54
"Stryszawa","1215072",300,52
"Gromnik","1216022",266,71
"Kłodzko","0208021",367,81
"Mrocza","0410023",261,74
"Brzuze","0412022",152,44
"Grzmiąca","3215052",358,127
"Szczebrzeszyn","0620133",217,65
"Łęknica","0811011",440,68
"Legionowo","1408011",21,21
"Sienno","1409052",130,130
"Jeżowe","1812032",221,40
"Jarocin","1812022",204,67
"Węgorzyno","3218053",399,62
"Międzyrzec Podlaski","0601102",120,90
"Rusiec","1001062",177,62
"Kutno","1002011",115,51
"Krośniewice","1002043",129,56
"Dąbrowice","1002032",135,65
"Olszewo-Borki","1415092",95,95
"Troszyn","1415112",103,103
"Lipsko","1409033",127,127
"Jadów","1434062",48,48
"Przemyśl","1813082",292,55
"Orły","1813072",289,61
"Stubno","1813092",293,74
"Kalwaria Zebrzydowska","1218033",278,29
"Andrychów","1218013",293,52
"Mucharz","1218052",289,43
"Lanckorona","1218042",280,28
"Hrubieszów","0604042",254,106
"Trzeszczany","0604062",243,93
"Godziszów","0605042",189,49
"Chrzanów","0605022",194,49
"Kraśniczyn","0606062",215,64
"Krasnystaw","0606011",201,49
"Stare Kurowo","0806032",370,102
"Pabianice","1008021",133,15
"Strzelce Wielkie","1009072",179,74
"Siemkowice","1009062",189,75
"Brwinów","1421033",24,24
"Lesko","1821033",321,67
"Czyże","2005042",172,42
"Prusice","0220023",301,30
"Brenna","2403042",317,55
"Kraśnik","0607052",163,41
"Torzym","0807053",410,53
"Potworów","1423052",86,86
"Obryte","1424022",56,56
"Praszka","1608043",220,60
"Radłów","1608052",226,53
"Borzęcin","1202012",242,51
"Gnojnik","1202052",262,48
"Zawonia","0220052",283,28
"Wisznia Mała","0220042",300,11
"Wałbrzych","0265011",368,62
"Olsztyn","2404122",207,61
"Starcza","2404162",224,50
"Małomice","0810053",392,43
"Zadzim","1011062",156,39
"Świercze","1424052",51,51
"Winnica","1424062",46,46
"Przytyk","1425092",87,87
"Jedlnia-Letnisko","1425062",92,92
"Turawa","1609132",262,17
"Biała","1610013",308,30
"Mielnik","2010052",140,87
"Jordanów Śląski","0223032",329,31
"Bardo","0224013",356,70
"Drawno","3202033",370,83
"Jabłonna","0609062",168,16
"Strzyżewice","0609122",163,19
"Niedrzwica Duża","0609102",155,17
"Kołczygłowy","2201042",335,95
"Regnów","1013052",72,63
"Błaszki","1014023",191,73
"Brzeźnio","1014042",187,67
"Skaryszew","1425103",104,104
"Korczew","1426022",108,108
"Ślesin","3010123",186,98
"Leszno","3063011",311,66
"Kłecko","3003053",251,43
"Kościelec","3009082",170,117
"Przedecz","3009113",145,139
"Koło","3009011",166,120
"Olszówka","3009092",150,136
"Witkowo","3003103",224,61
"Poniec","3004073",293,69
"Krzepice","2406023",216,87
"Sulmierzyce","3012011",253,97
"Krzywiń","3011043",289,45
"Popów","2406072",198,91
"Pilchowice","2405042",284,32
"Boronów","2407022",228,52
"Herby","2407042",227,60
"Czerwionka-Leszczyny","2412013",288,27
"Imielin","2414021",266,16
"Lędziny","2414031",270,13
"Zawiercie","2416021",222,46
"Roźwienica","1804102",279,45
"Gołcza","1208022",220,40
"Inowrocław","0407042",197,37
"Sejny","2009052",262,112
"Korycin","2011032",193,34
"Bolesławiec","0201011",395,102
"Osiecznica","0201052",400,114
"Nieszawa","0401031",162,27
"Nowogard","3204043",430,44
"Czaplinek","3203013",355,109
"Milejów","0610042",172,27
"Spiczyn","0610062",152,20
"Wojcieszków","0611102",100,65
"Warta","1014093",173,56
"Godzianów","1015032",79,41
"Słupia","1015092",86,34
"Sabnie","1429072",89,89
"Michałowice","1206082",243,12
"Rutka-Tartak","2012062",265,134
"Ciechanowiec","2013023",113,65
"Ciechocinek","0401021",170,19
"Zakrzewo","0401092",175,30
"Bobrowo","0402022",168,51
"Górzno","0402053",143,73
"Płoty","3205043",426,63
"Dębowa Kłoda","0613012",154,53
"Pruszcz Gdański","2204011",277,12
"Budziszewice","1016032",97,36
"Rokiciny","1016072",108,26
"Tomaszów Mazowiecki","1016092",107,52
"Mirów","1430032",116,116
"Błonie","1432013",33,33
"Dębica","1803042",248,38
"Pruchnik","1804073",278,39
"Radymno","1804082",287,70
"Kamienica","1207052",295,50
"Gryfino","3206043",452,20
"Zbąszyń","3015063",348,66
"Lasowice Wielkie","1604032",247,32
"Żukowice","0203062",358,95
"Kamienna Góra","0207022",387,80
"Mielno","3209053",406,128
"Morawica","2604123",168,12
"Pietrowice Wielkie","2411072",314,66
"Goleszów","2403072",324,58
"Biskupice","1219012",261,14
"Lubomierz","0212023",405,102
"Łysomice","0415062",190,10
"Rokitno","0601122",155,115
"Kutno","1002062",118,50
"Wiązowna","1417082",22,22
"Bieżuń","1437013",111,111
"Krasne","1816092",254,10
"Cieszków","0213012",265,59
"Krośnice","0213022",267,45
"Bielsko-Biała","2461011",304,45
"Biłgoraj","0602011",221,76
"Frampol","0602053",210,62
"Księżpol","0602082",235,90
"Rejowiec Fabryczny","0603011",196,49
"Kłodawa","0801042",399,102
"Świnice Warckie","1004072",147,48
"Domaniewice","1005042",89,36
"Łyszkowice","1005082",80,43
"Nowosolna","1006082",110,10
"Prażmów","1418052",30,30
"Brudzeń Duży","1419032",115,115
"Mszczonów","1438023",49,49
"Dynów","1816052",286,34
"Juchnowiec Kościelny","2002052",166,14
"Sadlinki","2207062",217,79
"Barcin","0419013",222,47
"Buczkowice","2402032",311,55
"Skwierzyna","0803053",375,79
"Siedlisko","0804082",359,31
"Słupno","1419122",89,89
"Joniec","1420062",52,52
"Płońsk","1420092",63,63
"Pawłowiczki","1603042",306,48
"Strzeleczki","1605032",298,24
"Walce","1605042",294,28
"Sanok","1817011",309,54
"Bojanów","1818022",209,48
"Frysztak","1819022",268,35
"Czudec","1819012",261,15
"Niebylec","1819032",272,18
"Bielsk Podlaski","2003011",156,41
"Rudka","2003072",124,55
"Chełmno","0404011",217,39
"Markuszów","0614072",126,28
"Wąwolnica","0614102",127,32
"Sulęczyno","2205072",312,60
"Żukowo","2205083",297,20
"Skomlin","1017082",219,101
"Łubnice","1018052",225,107
"Jedlicze","1807043",282,40
"Raciechowice","1209052",273,26
"Kamionka Wielka","1210052",295,79
"Łososina Dolna","1210102",279,56
"Pielgrzymka","0226032",385,84
"Świerzawa","0226043",384,80
"Złotoryja","0226062",373,73
"Kikół","0408052",153,36
"Dobra (Szczecińska)","3211012",470,17
"Wohyń","0615082",130,63
"Ryki","0616043",92,61
"Stare Pole","2209082",239,46
"Leżajsk","1808042",234,45
"Kuryłówka","1808032",236,54
"Nowa Sarzyna","1808053",229,41
"Oleszyce","1809063",268,73
"Niechlów","0204032",328,77
"Sławno","3213021",377,169
"Bełżec","0618022",265,112
"Platerów","1410042",118,118
"Młynarze","1411052",85,85
"Biskupiec","2812022",180,81
"Dywity","2814042",187,11
"Węgorzewo","2819033",224,94
"Pieniężno","2802053",232,56
"Płoskinia","2802062",239,66
"Lidzbark","2803043",140,72
"Osieczna","3013033",299,56
"Wijewo","3013062",335,73
"Szamocin","3001053",280,73
"Krzyż Wielkopolski","3002043",349,84
"Odolanów","3017033",245,106
"Miedzichowo","3015032",346,62
"Doruchów","3018022",224,138
"Sośnie","3017082",249,115
"Pleszew","3020063",227,85
"Zaniemyśl","3025052",265,33
"Dolsk","3026023",274,48
"Dominowo","3025012",251,35
"Damasławek","3028022",255,61
"Wapno","3028062",255,69
"Września","3030053",236,49
"Siedlec","3029022",348,69
"Przemęt","3029012",328,61
"Rzgów","3010082",204,85
"Małogoszcz","2602033",171,28
"Tuczępy","2601072",190,46
"Solec-Zdrój","2601052",206,56
"Opatów","2606043",162,57
"Miedziana Góra","2604102",147,11
"Masłów","2604092",149,9
"Mirzec","2611032",121,45
"Skarżysko Kościelne","2610042",122,38
"Suchedniów","2610053",133,26
"Działoszyce","2608013",209,53
"Kruklanki","2806052",217,110
"Rychliki","2804082",222,68
"Milejewo","2804052",241,76
"Ełk","2805011",197,125
"Wisła","2403031",326,65
"Michałowo","2002073",198,37
"Kościelisko","1217042",340,87
"Krościenko nad Dunajcem","1211062",313,72
"Międzylesie","0208103",381,108
"Lądek-Zdrój","0208083",361,87
"Bystrzyca Kłodzka","0208063",377,97
"Duszniki-Zdrój","0208011",386,94
"Szklarska Poręba","0206041",419,113
"Karpacz","0206011",403,96
"Otyń","0804073",371,13
"Łagów","2604073",163,33
"Lubycza Królewska","0618053",274,121
"Zamość","0620142",226,73
"Knyszyn","2008043",178,28
"Bartoszyce","2801011",226,58
"Szydłów","2612083",181,38
"Pabianice","1008072",137,17
"Dobrzeń Wielki","1609032",275,13
"Czarna Woda","2213013",266,68
"Nowy Korczyn","2601033",212,60
"Konin","3062011",191,94
"Wielbark","2817083",128,54
"Poznań","3064011",284,0
"Wilkowice","2402102",308,50
"Sypniewo","1411092",86,86
"Gostynin","1404022",114,114
"Milanówek","1405011",29,29
"Podkowa Leśna","1405021",25,25
"Łańcut","1810011",254,19
"Olkusz","1212053",232,42
"Dobrzyń nad Wisłą","0408043",129,61
"Lipno","0408062",146,42
"Mogilno","0409033",216,61
"Szczecinek","3215062",339,143
"Skierbieszów","0620102",222,70
"Kaliska","2213052",267,62
"Subkowy","2214052",250,40
"Latowicz","1412102",54,54
"Grójec","1406053",41,41
"Żołynia","1810072",247,29
"Szubin","0410053",242,59
"Wąpielsk","0412062",158,48
"Połczyn-Zdrój","3216033",375,104
"Stary Zamość","0620112",216,63
"Zwierzyniec","0620153",226,76
"Żary","0811021",412,43
"Wiśniewo","1413102",104,104
"Stupsk","1413062",96,96
"Nasielsk","1414043",43,43
"Serock","1408043",31,31
"Biały Dunajec","1217022",327,76
"Chojnów","0209022",371,78
"Lubań","0210011",418,120
"Kamień Krajeński","0413013",279,93
"Pruszcz","0414082",229,44
"Żary","0811102",414,41
"Sława","0812013",348,34
"Kluki","1001052",158,46
"Nowe Ostrowy","1002082",126,63
"Lelis","1415062",110,110
"Boguty-Pianki","1416032",106,106
"Wadowice","1218093",285,40
"Dołhobyczów","0604022",278,126
"Krzeszyce","0807012",409,79
"Dobroń","1008042",143,24
"Dłutów","1008032",138,24
"Raszyn","1421062",15,15
"Chorzele","1422023",116,116
"Łambinowice","1607042",309,30
"Korfantów","1607033",309,30
"Nysa","1607053",325,46
"Skoroszyce","1607092",313,38
"Świdnica","0219011",353,47
"Marcinowice","0219052",343,38
"Oborniki Śląskie","0220013",307,18
"Skoczów","2403103",313,48
"Kraśnik","0607011",164,39
"Szastarka","0607062",178,45
"Żółkiewka","0606112",193,41
"Przysucha","1423063",115,115
"Gielniów","1423022",101,101
"Gzy","1424012",58,58
"Olesno","1608033",233,47
"Murów","1609062",260,24
"Brzesko","1202023",252,45
"Bochnia","1201022",251,33
"Przytuły","2007062",154,63
"Jedwabne","2007013",147,57
"Jedlina-Zdrój","0221021",368,64
"Blachownia","2404013",217,65
"Janów","2404032",200,66
"Lelów","2404092",196,71
"Mykanów","2404112",195,81
"Zakrzówek","0607102",171,33
"Niedźwiada","0608092",138,36
"Kargowa","0809043",356,28
"Dalików","1011012",139,29
"Kowala","1425072",101,101
"Bolesław","1204012",218,67
"Jaświły","2008032",191,44
"Kobierzyce","0223052",319,19
"Recz","3202063",387,66
"Studzienice","2201082",310,77
"Przedbórz","1012113",149,84
"Zakrzew","1425132",87,87
"Ceków-Kolonia","3007032",193,113
"Godziesze Wielkie","3007042",209,120
"Lisków","3007062",189,119
"Gniezno","3003032",236,53
"Grzegorzew","3009052",157,128
"Niechanowo","3003082",232,53
"Grodzisk Wielkopolski","3005023",323,43
"Miedźno","2406042",199,86
"Przystajń","2406082",224,75
"Kochanowice","2407052",233,60
"Pyskowice","2405021",267,35
"Panki","2406062",219,77
"Goczałkowice-Zdrój","2410012",298,33
"Rydułtowy","2415031",303,45
"Mszana","2415092",306,42
"Radziechowy-Wieprz","2417102",320,66
"Ślemień","2417122",302,60
"Szczekociny","2416083",197,75
"Kampinos","1432032",44,44
"Cmolas","1806012",217,40
"Dobczyce","1209013",271,20
"Grudziądz","0406012",211,62
"Świecie nad Osą","0406062",187,59
"Gniewkowo","0407033",193,19
"Manowo","3209042",378,136
"Jemielnica","1611022",262,37
"Grodków","1601033",309,39
"Lewin Brzeski","1601043",289,21
"Bobowa","1205033",281,77
"Iwanowice","1206032",235,20
"Krynki","2011043",215,43
"Suchowola","2011093",204,52
"Bolesławiec","0201022",393,103
"Warta Bolesławiecka","0201062",386,91
"Nowogrodziec","0201043",411,115
"Raciążek","0401072",167,23
"Cyców","0610012",177,42
"Serokomla","0611062",105,55
"Łuków","0611052",91,84
"Klonowa","1014072",202,82
"Wróblew","1014102",184,65
"Gozdowo","1427022",108,108
"Bielany","1429022",80,80
"Sokołów Podlaski","1429082",81,81
"Nozdrzec","1802062",284,30
"Jodłowa","1803052",262,51
"Dębica","1803011",244,40
"Igołomia-Wawrzeńczyce","1206022",243,20
"Jerzmanowice-Przeginia","1206042",243,27
"Wola Mysłowska","0611112",76,81
"Nowa Wieś Lęborska","2208042",343,69
"Będków","1016022",114,29
"Rzeczyca","1016082",87,60
"Konopnica","1017032",183,66
"Orońsko","1430042",102,102
"Pilzno","1803063",252,50
"Laszki","1804052",278,68
"Jodłownik","1207042",278,33
"Łukowica","1207082",293,57
"Nowe Piekuty","2013072",132,42
"Rutki","2014032",136,48
"Koronowo","0403043",246,59
"Cedynia","3206023",469,66
"Susz","2807063",201,72
"Lwówek","3015023",333,49
"Spytkowice","1211132",309,55
"Czarnków","3002022",315,64
"Krzanowice","2411033",320,66
"Hażlach","2403082",318,52
"Tarnów","1263011",245,70
"Chełmża","0415011",197,20
"Cekcyn","0416012",251,72
"Lubiewo","0416042",248,64
"Daszyna","1004022",131,48
"Kołbiel","1417052",35,35
"Sobienie-Jeziory","1417072",38,38
"Przeworsk","1814062",259,33
"Ostrów","1815022",235,30
"Wieliczka","1219053",261,9
"Bargłów Kościelny","2001032",205,72
"Kostomłoty","0218012",332,26
"Miękinia","0218032",317,15
"Środa Śląska","0218043",331,29
"Bierutów","0214023",274,36
"Dziadowa Kłoda","0214042",259,50
"Międzybórz","0214053",253,54
"Boniewo","0418032",151,65
"Biszcza","0602042",230,90
"Obsza","0602102",251,103
"Witnica","0801073",424,96
"Chąśno","1005032",79,55
"Łowicz","1005072",74,53
"Radziejowice","1438042",44,44
"Hyżne","1816072",271,20
"Sokołów Małopolski","1816113",235,27
"Kwidzyn","2207032",221,69
"Jelcz-Laskowice","0215033",286,31
"Janowiec Wielkopolski","0419033",248,78
"Żnin","0419063",237,62
"Gliwice","2466011",273,27
"Siemianowice Śląskie","2474011",257,11
"Nowa Sól","0804011",370,19
"Białaczów","1007012",117,78
"Nowy Duninów","1419092",112,112
"Raciąż","1420102",92,92
"Wilków","1606052",266,53
"Bukowsko","1817032",315,61
"Zarszyn","1817082",304,50
"Bielsk Podlaski","2003032",160,35
"Polkowice","0216043",352,76
"Radwanice","0216062",360,88
"Kondratowice","0217022",329,40
"Grudziądz","0462011",206,52
"Toruń","0463011",188,0
"Kijewo Królewskie","0404032",211,30
"Tarnobrzeg","1864011",189,66
"Wojkowice","2401031",251,17
"Czeladź","2401021",254,13
"Psary","2401062",246,21
"Baranów","0614022",108,45
"Stężyca","2205062",303,48
"Nowa Karczma","2206072",285,40
"Bolesławiec","1018012",226,107
"Ciechanów","1402022",79,79
"Ciechanów","1402011",77,77
"Gródek nad Dunajcem","1210032",277,62
"Wrocław","0264011",307,0
"Piława Górna","0202041",345,52
"Police","3211043",469,22
"Radzyń Podlaski","0615011",119,62
"Miłoradz","2209062",246,41
"Ostaszewo","2210032",261,24
"Sztutowo","2210052",260,38
"Wieruszów","1018073",224,104
"Zgierz","1020031",122,11
"Ozorków","1020062",124,27
"Zgierz","1020092",119,19
"Jeżów","1021042",91,32
"Maciejowice","1403072",68,68
"Sobolew","1403112",69,69
"Przelewice","3212042",414,48
"Dobrzany","3214033",397,56
"Dębnica Kaszubska","2212032",344,92
"Ustka","2212102",379,117
"Bobowo","2213042",249,55
"Sarnaki","1410052",130,130
"Lubomino","2809042",210,35
"Nowe Miasto Lubawskie","2812011",166,70
"Jeziorany","2814063",197,29
"Janowo","2811022",126,50
"Sorkwity","2810052",179,45
"Grodziczno","2812032",154,63
"Łukta","2815042",187,27
"Szczytno","2817062",146,45
"Purda","2814102",161,18
"Rybno","2803062",147,57
"Płośnica","2803052",132,67
"Działdowo","2803022",132,58
"Chodzież","3001011",293,66
"Kwilcz","3014022",339,56
"Międzychód","3014033",353,71
"Przygodzice","3017052",235,114
"Raszków","3017063",236,93
"Miasteczko Krajeńskie","3019052",290,79
"Gizałki","3020042",221,75
"Wyrzysk","3019083",275,87
"Pobiedziska","3021123",261,26
"Pyzdry","3030043",227,64
"Sobków","2602082",175,20
"Oksa","2602052",176,34
"Gnojno","2601022",184,35
"Skalbmierz","2603053",219,63
"Daleszyce","2604053",163,17
"Raków","2604162",171,33
"Strawczyn","2604182",150,17
"Ruda Maleniecka","2605052",135,43
"Zagnańsk","2604192",140,16
"Łoniów","2609052",188,71
"Obrazów","2609062",175,74
"Tarłów","2606072",144,79
"Wąchock","2611053",131,35
"Wojciechowice","2606082",160,68
"Starachowice","2611011",133,38
"Bałtów","2607022",139,69
"Stare Juchy","2805052",201,113
"Radków","2613042",186,48
"Secemin","2613052",183,55
"Korsze","2808043",217,64
"Kętrzyn","2808011",207,69
"Ustroń","2403021",320,56
"Białowieża","2005022",195,66
"Krempna","1805062",306,68
"Głubczyce","1602033",322,53
"Branice","1602022",332,69
"Czarny Dunajec","1211032",323,70
"Uście Gorlickie","1205102",305,104
"Mieroszów","0221063",379,74
"Radków","0208123",375,79
"Piechowice","0206031",410,104
"Zaklików","1818053",181,81
"Komprachcice","1609042",288,9
"Tułowice","1609123",297,18
"Alwernia","1203013",263,33
"Gozdnica","0810011",421,61
"Brusy","2202023",293,83
"Kowale Oleckie","2813032",229,129
"Krzykosy","3025022",254,43
"Szemud","2215092",311,31
"Władysławowo","2211043",336,53
"Złocieniec","3203063",371,92
"Nowa Słupia","2604133",152,32
"Paszowice","0205052",368,62
"Nieborów","1005092",71,52
"Miastkowo","2007032",113,90
"Śniadowo","2007072",111,80
"Szumowo","2014042",103,75
"Bolimów","1015012",62,59
"Chrząstowice","1609012",271,13
"Człuchów","2203032",298,117
"Wierzchowo","3203052",355,103
"Lubawa","2807021",167,56
"Suchy Las","3021152",287,15
"Słupia Konecka","2605062",150,39
"Wierzchlas","1017102",200,85
"Pątnów","1017072",207,92
"Kosów Lacki","1429053",82,82
"Brok","1416043",74,74
"Rewal","3205072",452,77
"Bogoria","2612012",176,52
"Włocławek","0418132",134,60
"Szczyrk","2402011",317,58
"Kamionka","0608053",130,26
"Lipiany","3212033",422,50
"Klucze","1212042",232,47
"Zator","1213093",274,40
"Jordanów","1215011",300,46
"Bystra-Sidzina","1215042",305,52
"Budzów","1215032",288,36
"Jeżów Sudecki","0206062",395,90
"Kamienna Góra","0207011",384,77
"Strzelno","0409043",201,51
"Hanna","0619022",177,76
"Włodawa","0619062",179,76
"Sułów","0620122",211,59
"Halinów","1412073",21,21
"Kałuszyn","1412093",53,53
"Garbatka-Letnisko","1407012",92,92
"Przecław","1811073",226,42
"Polanka Wielka","1213072",279,51
"Maków Podhalański","1215063",298,45
"Zembrzyce","1215092",293,44
"Skrzyszów","1216082",249,79
"Sadki","0410042",266,80
"Borne Sulinowo","3215043",342,126
"Człopa","3217023",344,109
"Lublin","0663011",153,0
"Mikołajki Pomorskie","2216022",219,66
"Dzierzgoń","2216013",224,62
"Sztum","2216053",233,52
"Szreńsk","1413072",108,108
"Przyłęk","1436032",111,111
"Wieliszew","1408052",27,27
"Chotcza","1409012",120,120
"Wadowice Górne","1811102",219,58
"Nisko","1812053",210,53
"Rudnik nad Sanem","1812063",215,51
"Wierzchosławice","1216112",246,60
"Żabno","1216153",234,62
"Olszyna","0210053",415,115
"Dragacz","0414022",213,54
"Bukowiec","0414012",231,51
"Nowe","0414063",223,69
"Resko","3218043",415,66
"Międzyrzec Podlaski","0601011",121,86
"Kodeń","0601062",177,105
"Kleszczów","1001042",164,61
"Zelów","1001083",154,39
"Kadzidło","1415052",116,116
"Zielonka","1434041",17,17
"Medyka","1813062",300,71
"Jawornik Polski","1814042",272,26
"Sieniawa","1814073",254,53
"Sławków","2401081",247,26
"Dobiegniew","0806013",366,122
"Drezdenko","0806023",364,102
"Ksawerów","1008052",130,12
"Pokój","1606032",265,26
"Świerczów","1606042",267,32
"Przemyśl","1862011",298,63
"Hajnówka","2005011",180,52
"Narew","2005082",181,34
"Siennica Różana","0606102",208,59
"Wilkołaz","0607092",163,30
"Sulęcin","0807043",399,61
"Wolbórz","1010113",117,40
"Aleksandrów","1010012",131,66
"Odrzywół","1423042",85,85
"Wieniawa","1423082",98,98
"Rudniki","1608062",217,62
"Zębowice","1608072",249,32
"Dębno","1202042",256,52
"Szczurowa","1202072",237,46
"Nowy Wiśnicz","1201063",263,38
"Łapanów","1201052",269,30
"Dąbrowa Zielona","2404022",186,80
"Jeziorzany","0608042",107,50
"Firlej","0608032",123,39
"Ostrów Lubelski","0608103",149,32
"Serniki","0608122",145,26
"Nowogród Bobrzański","0809053",400,21
"Wymiarki","0810082",419,55
"Kodrąb","1012072",161,75
"Zatory","1424072",44,44
"Jedlińsk","1425052",80,80
"Tarnów Opolski","1609112",278,15
"Rzezawa","1201072",249,39
"Dąbrowa Tarnowska","1204023",228,74
"Milejczyce","2010062",147,66
"Drohiczyn","2010023",110,82
"Grodzisk","2010042",122,65
"Nurzec-Stacja","2010072",143,75
"Mietków","0223062",336,29
"Sobótka","0223073",332,29
"Pełczyce","3202053",398,64
"Uścimów","0608132",155,40
"Konopnica","0609082",147,10
"Głusk","0609052",156,10
"Jastków","0609072",140,14
"Wojciechów","0609132",138,23
"Borzytuchom","2201012",330,88
"Bytów","2201023",321,81
"Żytno","1012142",174,96
"Sieradz","1014011",174,55
"Paprotnia","1426062",95,95
"Mieleszyn","3003072",244,53
"Borek Wielkopolski","3004013",265,59
"Brzeziny","3007022",205,130
"Wierzbinek","3010132",176,109
"Szczytniki","3007102",197,126
"Baranów","3008012",239,150
"Pępowo","3004042",276,73
"Krobia","3004033",285,71
"Piaski","3004052",274,61
"Rychtal","3008062",248,154
"Osiek Mały","3009102",170,114
"Babiak","3009022",161,123
"Golina","3010013",202,84
"Rozdrażew","3012052",248,80
"Śmigiel","3011053",308,48
"Racibórz","2411011",310,58
"Pawłowice","2410042",304,37
"Bojszowy","2414042",278,19
"Miasteczko Śląskie","2413021",243,32
"Irządze","2416032",203,66
"Gilowice","2417032",306,60
"Łochów","1433053",57,57
"Stoczek","1433082",67,67
"Raniżów","1806052",227,30
"Kozłów","1208032",209,48
"Siepraw","1209062",270,16
"Radzyń Chełmiński","0406043",192,47
"Gruta","0406022",196,54
"Kołobrzeg","3208011",424,105
"Gościno","3208033",413,96
"Kołobrzeg","3208042",426,97
"Siemyśl","3208062",421,91
"Będzino","3209012",404,123
"Sosnowica","0613072",162,48
"Wiśniew","1426112",86,86
"Skórzec","1426092",72,72
"Suchożebry","1426102",84,84
"Zbuczyn","1426132",100,100
"Szczucin","1204073",216,83
"Moszczenica","1205072",278,84
"Siemiatycze","2010092",125,76
"Dąbrowa Białostocka","2011013",216,56
"Janów","2011022",202,37
"Osina","3204052",435,33
"Wólka","0609142",154,11
"Łuków","0611011",97,80
"Krzywda","0611042",88,70
"Lipce Reymontowskie","1015052",85,35
"Sierpc","1427011",117,117
"Szczutowo","1427062",127,127
"Ceranów","1429032",92,92
"Dydnia","1802032",295,40
"Sułoszowa","1206132",238,30
"Raczki","2012052",227,99
"Bądkowo","0401052",163,37
"Aleksandrów Kujawski","0401042",177,17
"Brodnica","0402011",160,60
"Bartniczka","0402062",151,73
"Jabłonowo Pomorskie","0402073",180,58
"Gryfice","3205023",437,64
"Kamień Pomorski","3207033",459,59
"Chodel","0612012",147,32
"Wilków","0612072",124,47
"Cedry Wielkie","2204022",269,15
"Chmielno","2205012",306,42
"Czarnożyły","1017022",202,83
"Młodzieszyn","1428042",61,61
"Rybno","1428062",66,66
"Wielka Wieś","1206152",247,15
"Dobra","1207032",288,42
"Mszana Dolna","1207021",292,41
"Niedźwiedź","1207102",301,50
"Tymbark","1207122",283,42
"Kulesze Kościelne","2013062",131,45
"Kobylin-Borzymy","2013052",145,32
"Osielsko","0403062",231,43
"Stare Czarnowo","3206072",444,16
"Trzcińsko-Zdrój","3206083",442,57
"Opalenica","3015053",318,36
"Głogów","0203011",350,90
"Sępopol","2801063",226,66
"Stargard","3214102",422,32
"Dobrzyca","3020033",239,79
"Giby","2009022",247,97
"Płaska","2001062",236,83
"Wieprz","1218102",284,48
"Rudna","0211032",335,64
"Lubicz","0415042",179,12
"Czernikowo","0415032",161,27
"Łubianka","0415052",201,16
"Obrowo","0415072",172,16
"Leśna Podlaska","0601082",136,106
"Terespol","0601162",171,119
"Kostrzyn nad Odrą","0801011",439,97
"Wąsewo","1416102",81,81
"Wyszków","1435053",48,48
"Wielopole Skrzyńskie","1815052",257,28
"Nowinka","2001052",230,92
"Sztabin","2001072",215,65
"Dębowa Łąka","0417022",175,39
"Baruchowo","0418022",124,73
"Bytom","2462011",258,19
"Lubiszyn","0801052",417,105
"Łowicz","1005011",78,48
"Bielawy","1005022",99,36
"Zduny","1005102",87,49
"Konstancin-Jeziorna","1418023",17,17
"Bulkowo","1419042",76,76
"Gąbin","1419063",91,91
"Warszawa","1465011",0,0
"Baborów","1602013",316,59
"Dobrzyniewo Duże","2002032",172,15
"Oława","0215042",300,32
"Łabiszyn","0419043",229,48
"Gąsawa","0419022",229,61
"Ruda Śląska","2472011",266,11
"Świętochłowice","2476011",262,12
"Bestwina","2402022",293,34
"Chełm","0603032",201,60
"Sawin","0603102",197,63
"Hrubieszów","0604011",252,104
"Mircze","0604052",267,115
"Pszczew","0803042",361,64
"Reńska Wieś","1603062",294,40
"Stalowa Wola","1818011",197,62
"Zawady","2002152",145,39
"Zabłudów","2002143",177,19
"Rajgród","2004043",193,70
"Świebodzice","0219021",361,54
"Stolno","0404062",207,36
"Puławy","0614011",110,47
"Czemierniki","0615032",125,50
"Kartuzy","2205023",313,42
"Kościerzyna","2206011",294,53
"Lipusz","2206062",303,66
"Radzanów","1401032",76,76
"Białobrzegi","1401013",67,67
"Promna","1401022",61,61
"Stara Błotnica","1401042",77,77
"Wyśmierzyce","1401063",73,73
"Regimin","1402082",86,86
"Korczyna","1807052",283,33
"Legnica","0262011",357,59
"Niemcza","0202073",340,47
"Świeszyno","3209082",385,128
"Nowe Warpno","3211033",476,34
"Kąkolewnica","0615042",116,76
"Dęblin","0616011",93,62
"Ułęż","0616062",100,54
"Kosakowo","2211052",314,30
"Aleksandrów Łódzki","1020043",132,17
"Brzeziny","1021011",102,19
"Brzeziny","1021022",104,18
"Łaskarzew","1403062",57,57
"Trojanów","1403122",78,78
"Rytro","1210152",308,79
"Trawniki","0617052",180,31
"Rybczewice","0617042",183,30
"Jarczów","0618032",265,112
"Smołdzino","2212092",369,97
"Słupsk","2263011",365,108
"Karniewo","1411032",67,67
"Olecko","2813043",220,135
"Biskupiec","2814023",181,34
"Świętajno","2813052",216,123
"Dąbrówno","2815022",152,44
"Pasym","2817043",158,27
"Stawiguda","2814112",164,14
"Elbląg","2861011",244,82
"Banie Mazurskie","2818012",234,117
"Iłowo-Osada","2803032",118,66
"Oborniki","3016013",295,29
"Kuślin","3015012",323,39
"Ryczywół","3016032",295,45
"Święciechowa","3013052",317,69
"Kobyla Góra","3018042",244,131
"Duszniki","3024022",315,31
"Ostroróg","3024053",318,41
"Kaźmierz","3024032",309,26
"Śrem","3026043",278,36
"Strzałkowo","3023072",223,61
"Kawęczyn","3027042",179,123
"Brodnica","3026012",285,28
"Gołańcz","3028033",267,71
"Nekla","3030033",248,36
"Wągrowiec","3028072",271,52
"Lipka","3031042",294,122
"Złotów","3031082",298,109
"Kiszkowo","3003042",260,33
"Gowarczów","2605022",114,49
"Łopuszno","2604082",156,29
"Lipnik","2606032",169,63
"Ćmielów","2607043",151,65
"Brody","2611022",134,48
"Pawłów","2611042",142,35
"Kunów","2607053",141,51
"Godkowo","2804022",219,49
"Ełk","2805022",192,116
"Moskorzew","2613032",192,53
"Lidzbark Warmiński","2809032",212,38
"Giżycko","2806042",210,89
"Ryn","2806083",195,76
"Gietrzwałd","2814052",174,15
"Cieszyn","2403011",323,57
"Lipsk","2001043",233,73
"Komańcza","1817042",332,78
"Głogówek","1610023",306,37
"Czorsztyn","1211042",317,76
"Zawidów","0225011",437,137
"Stronie Śląskie","0208133",363,96
"Dąbrowa","1609022",285,10
"Węgliniec","0225063",418,130
"Czarnia","1415022",123,123
"Rzekuń","1415102",97,97
"Grajewo","2004022",180,66
"Grajewo","2004011",182,74
"Kobiór","2410022",282,17
"Środa Wielkopolska","3025043",257,32
"Świnoujście","3263011",487,51
"Jastarnia","2211023",318,39
"Sulejów","1010093",130,52
"Zbójna","2007092",123,94
"Pilica","2416073",217,57
"Jutrosin","3022023",276,87
"Piekary Śląskie","2471011",254,15
"Piątek","1004063",111,32
"Konarzyny","2202052",306,101
"Ostrów Mazowiecka","1416072",90,90
"Choczewo","2215042",353,71
"Borkowice","1423012",106,106
"Chlewiska","1430012",113,113
"Skulsk","3010092",189,97
"Włocławek","0464011",144,50
"Maszewo","0802072",420,46
"Cybinka","0805013",428,57
"Gostynin","1404011",111,111
"Grodzisk Mazowiecki","1405043",34,34
"Belsk Duży","1406012",50,50
"Białobrzegi","1810022",252,29
"Szaflary","1211142",322,70
"Trzyciąż","1212062",233,32
"Osiek","1213052",284,57
"Oświęcim","1213011",275,54
"Bytoń","0411022",170,51
"Marianowo","3214082",413,41
"Suchań","3214113",403,51
"Tyszowce","0618123",254,102
"Nielisz","0620072",210,57
"Osieczna","2213072",257,71
"Skarszewy","2213093",269,37
"Dobre","1412062",44,44
"Warka","1406113",49,49
"Kęty","1213043",288,57
"Tuchów","1216103",261,77
"Ciężkowice","1216013",274,73
"Polanica-Zdrój","0208051",378,88
"Rogowo","0412032",139,55
"Świdwin","3216062",401,83
"Reda","2215011",321,37
"Gniewino","2215052",342,59
"Wejherowo","2215031",324,40
"Rumia","2215021",315,30
"Wejherowo","2215102",314,31
"Radzanów","1413042",100,100
"Kazanów","1436012",111,111
"Zwoleń","1436053",105,105
"Krzeszów","1812042",225,51
"Legnickie Pole","0209052",354,53
"Wałcz","3217052",332,124
"Trzebiel","0811082",434,60
"Piotrków Trybunalski","1062011",130,43
"Goworowo","1415042",81,81
"Baranowo","1415012",108,108
"Łyse","1415072",131,131
"Strachówka","1434102",42,42
"Marki","1434021",12,12
"Kobyłka","1434011",15,15
"Tłuszcz","1434113",34,34
"Fredropol","1813032",309,66
"Kańczuga","1814053",271,31
"Nowe Miasto","1420082",55,55
"Raciąż","1420021",88,88
"Piastów","1421011",16,16
"Kamiennik","1607022",329,55
"Pakosławice","1607082",320,43
"Gorzyce","1820022",182,74
"Solina","1821052",334,80
"Radziłów","2004032",162,57
"Dubicze Cerkiewne","2005052",171,59
"Kolno","2006032",147,89
"Grabowo","2006022",157,77
"Żarów","0219083",345,38
"Strumień","2403113",308,41
"Koniecpol","2404063",180,87
"Krasnystaw","0606052",205,53
"Świebodzin","0808053",378,35
"Zbąszynek","0808063",359,41
"Gorzkowice","1010032",152,64
"Łęki Szlacheckie","1010052",146,66
"Grabica","1010042",134,33
"Wola Krzysztoporska","1010102",142,48
"Wartkowice","1011052",144,40
"Bochnia","1201011",255,31
"Kłomnice","2404052",188,82
"Rędziny","2404152",197,76
"Białogard","3201011",394,110
"Lubartów","0608011",137,27
"Kock","0608063",114,49
"Sulechów","0809063",375,19
"Uniejów","1011043",157,53
"Pęczniew","1011022",165,50
"Pułtusk","1424043",55,55
"Iłża","1425033",120,120
"Strzelce Opolskie","1611053",268,24
"Izbicko","1611012",274,22
"Borzechów","0609022",152,26
"Bełżyce","0609013",145,23
"Bychawa","0609033",171,24
"Niemce","0609112",143,14
"Iłowa","0810043",412,51
"Trzebielino","2201092",345,107
"Wielgomłyny","1012132",162,87
"Biała Rawska","1013023",62,68
"Domanice","1426012",77,77
"Mycielin","3007072",195,104
"Łęka Opatowska","3008042",233,156
"Żerków","3006043",238,60
"Pogorzela","3004063",266,70
"Grodziec","3010022",208,87
"Kobylin","3012023",267,78
"Gierałtowice","2405032",275,19
"Pawonków","2407072",245,59
"Lubliniec","2407011",241,52
"Ciasna","2407032",233,68
"Ornontowice","2408042",279,19
"Jejkowice","2412032",298,40
"Świerklany","2412052",301,37
"Kalety","2413011",237,40
"Wodzisław Śląski","2415041",308,47
"Czernichów","2417022",303,50
"Poręba","2416011",228,38
"Łodygowice","2417082",309,55
"Milówka","2417092",328,72
"Świnna","2417132",312,65
"Koszarawa","2417052",309,70
"Łękawica","2417072",303,56
"Łomianki","1432053",18,18
"Dzikowiec","1806062",219,36
"Majdan Królewski","1806032",214,41
"Jasło","1805042",276,41
"Książ Wielki","1208042",209,45
"Dąbrowa Biskupia","0407022",185,28
"Siemień","0613062",135,47
"Kolonowskie","1611033",256,32
"Gorlice","1205011",285,94
"Lipinki","1205052",287,102
"Ropa","1205082",296,92
"Tuchomie","2201102",327,95
"Czarne","2203023",312,135
"Burzenin","1014052",181,61
"Sieradz","1014082",176,56
"Maków","1015062",78,42
"Brzozów","1802013",291,37
"Krzeszowice","1206063",254,29
"Skała","1206103",238,23
"Skawina","1206113",271,21
"Szudziałowo","2011102",208,35
"Szypliszki","2012082",259,123
"Brodnica","0402032",154,59
"Karnice","3205032",447,73
"Trąbki Wielkie","2204082",274,25
"Pruszcz Gdański","2204042",276,17
"Żelechlinek","1016112",90,40
"Tomaszów Mazowiecki","1016011",107,47
"Ujazd","1016102",106,35
"Rokietnica","1804092",284,49
"Chłopice","1804032",280,53
"Zabierzów","1206162",252,19
"Kołaki Kościelne","2014022",124,55
"Zbiczno","0402102",168,64
"Białe Błota","0403012",234,47
"Kowalewo Pomorskie","0405043",179,23
"Mieszkowice","3206053",453,74
"Moryń","3206063",457,66
"Męcinka","0205032",369,65
"Gołuchów","3020052",219,95
"Miłki","2806062",196,91
"Dzierżoniów","0202021",349,50
"Jastrzębie-Zdrój","2467011",306,41
"Gorzyce","2415062",314,52
"Zebrzydowice","2403122",314,48
"Niepołomice","1219043",251,17
"Gdów","1219022",263,20
"Gryfów Śląski","0212013",411,109
"Zławieś Wielka","0415092",208,20
"Kęsowo","0416032",271,87
"Aleksandrów","0602022",234,87
"Zarzecze","1814092",270,39
"Boguchwała","1816033",255,9
"Augustów","2001011",222,80
"Kowal","0418011",135,65
"Dąbrowa Górnicza","2465011",240,28
"Biłgoraj","0602032",218,74
"Łukowa","0602092",243,95
"Bobrowice","0802022",412,32
"Bledzew","0803012",386,66
"Przytoczna","0803032",368,74
"Góra Świętej Małgorzaty","1004032",121,34
"Łęczyca","1004052",132,40
"Kiernozia","1005052",83,61
"Góra Kalwaria","1418013",30,30
"Piaseczno","1418043",21,21
"Siedlce","1464011",83,83
"Tyrawa Wołoska","1817062",308,55
"Supraśl","2002093",189,16
"Oleśnica","0214062",274,33
"Syców","0214073",257,50
"Gardeja","2207022",208,83
"Ryjewo","2207052",228,60
"Mysłowice","2470011",261,10
"Zabrze","2478011",265,19
"Dubienka","0603052",234,92
"Leśniowice","0603072",217,70
"Żmudź","0603142",225,81
"Tuszyn","1006113",128,22
"Staroźreby","1419142",84,84
"Stara Biała","1419132",105,105
"Polska Cerekiew","1603052",304,53
"Strzyżów","1819043",268,22
"Tykocin","2002123",157,28
"Orla","2003062",159,51
"Chocianów","0216013",363,79
"Strzelin","0217043",321,40
"Przeworno","0217032",321,51
"Papowo Biskupie","0404052",203,27
"Czechowice-Dziedzice","2402043",298,35
"Porąbka","2402082",297,47
"Kazimierz Dolny","0614043",119,42
"Kurów","0614062",120,34
"Sierakowice","2205042",318,54
"Szadek","1019023",156,37
"Wierzbno","1433092",54,54
"Stromiec","1401052",65,65
"Gołymin-Ośrodek","1402042",67,67
"Glinojeck","1402033",79,79
"Osiek Jasielski","1805082",292,58
"Iwonicz-Zdrój","1807033",301,52
"Tokarnia","1209082",290,36
"Sułkowice","1209073",279,26
"Łącko","1210092",302,65
"Zagrodno","0226052",378,80
"Złotniki Kujawskie","0407092",214,36
"Borki","0615022",114,57
"Kłoczew","0616022",83,71
"Nowy Staw","2209073",250,35
"Dmosin","1021032",96,24
"Miastków Kościelny","1403082",65,65
"Narol","1809053",261,100
"Nawojowa","1210122",302,79
"Nowy Targ","1211011",313,62
"Pyrzyce","3212053",428,37
"Krynice","0618042",246,93
"Łaszczów","0618063",265,112
"Tomaszów Lubelski","0618112",262,109
"Starogard Gdański","2213031",257,45
"Osiek","2213082",242,73
"Olszanka","1410032",110,110
"Różan","1411073",76,76
"Czerwonka","1411022",74,74
"Mrągowo","2810011",183,56
"Kozłowo","2811032",134,49
"Lipno","3013022",310,59
"Szydłowo","3019062",320,91
"Ostrzeszów","3018073",237,128
"Czermin","3020022",226,76
"Dopiewo","3021052",297,14
"Kostrzyn","3021083",261,24
"Puszczykowo","3021021",287,14
"Rokietnica","3021132",296,17
"Zagórów","3023083",216,74
"Szamotuły","3024073",309,32
"Orchowo","3023032",209,77
"Turek","3027011",176,118
"Przykona","3027062",168,127
"Powidz","3023052",213,71
"Tarnówka","3031062",308,103
"Złotów","3031011",298,107
"Miłosław","3030023",242,48
"Wolsztyn","3029033",338,64
"Bejsce","2603012",225,69
"Chęciny","2604033",167,15
"Bodzentyn","2604023",143,24
"Baćkowice","2606012",163,45
"Kije","2608022",183,27
"Gronowo Elbląskie","2804032",239,85
"Staszów","2612073",185,54
"Kalinowo","2805032",209,143
"Jonkowo","2814072",185,14
"Narewka","2005092",196,51
"Paczków","1607073",344,67
"Lipnica Wielka","1211072",319,66
"Bogatynia","0225033",449,147
"Mirsk","0212043",418,114
"Leśna","0210033",423,121
"Jaraczewo","3006013",259,58
"Białystok","2061011",173,0
"Prószków","1609103",289,12
"Świlcza","1816122",245,11
"Skierniewice","1063011",68,52
"Pieńsk","0225043",426,132
"Jarocin","3006023",245,64
"Gdynia","2262011",306,22
"Iwierzyce","1815012",251,16
"Kościan","3011011",302,39
"Kościan","3011032",299,39
"Tworóg","2413082",249,40
"Pierzchnica","2604153",173,22
"Zduńska Wola","1019011",161,41
"Łomża","2007022",124,70
"Opole","1661011",279,0
"Przechlewo","2203062",312,112
"Mirosławiec","3217033",352,103
"Górowo Iławeckie","2801052",233,58
"Kramsk","3010052",181,104
"Stare Miasto","3010112",194,94
"Ogrodzieniec","2416063",224,47
"Radzionków","2413031",253,22
"Czarna Dąbrówka","2201032",330,72
"Gdańsk","2261011",285,0
"Czerwińsk nad Wisłą","1420043",53,53
"Łaziska Górne","2408011",279,14
"Gorzów Wielkopolski","0861011",401,92
"Santok","0801062",386,92
"Głowaczów","1407022",71,71
"Lipnica","2201052",314,96
"Kruszwica","0407063",188,45
"Jeziora Wielkie","0409022",196,59
"Głogów Małopolski","1816063",238,17
"Wodzisław","2602093",199,47
"Koźminek","3007053",194,119
"Miejsce Piastowe","1807072",294,45
"Krościenko Wyżne","1807062",289,39
"Pacyna","1404032",93,93
"Żabia Wola","1405062",37,37
"Stary Dzików","1809072",258,71
"Proszowice","1214053",230,32
"Pałecznica","1214042",224,34
"Radziemice","1214062",227,28
"Janowice Wielkie","0206052",388,81
"Stara Kamienica","0206092",409,104
"Osięciny","0411042",165,42
"Dobre","0411032",176,37
"Chorzów","2463011",261,9
"Miączyn","0620062",240,88
"Łabunie","0620052",237,84
"Lubichowo","2213062",253,64
"Rzewnie","1411082",69,69
"Nowe Miasto nad Pilicą","1406083",77,77
"Pniewy","1406092",43,43
"Grabów nad Pilicą","1407042",57,57
"Brzeszcze","1213023",284,62
"Ryglice","1216063",260,86
"Piotrków Kujawski","0411053",177,54
"Topólka","0411072",165,57
"Sławoborze","3216052",406,87
"Rąbino","3216042",388,98
"Adamów","0620012",234,82
"Łęczyce","2215082",334,55
"Stary Targ","2216042",229,55
"Lipowiec Kościelny","1413032",111,111
"Strzegowo","1413052",93,93
"Wieczfnia Kościelna","1413092",113,113
"Leoncin","1414032",40,40
"Tuszów Narodowy","1811092",210,51
"Wietrzychowice","1216122",228,55
"Kunice","0209042",349,52
"Miłkowice","0209062",359,64
"Lubań","0210042",416,118
"Lniano","0414052",239,62
"Przewóz","0811072",428,59
"Lubsko","0811063",420,39
"Tuplice","0811092",428,51
"Szlichtyngowa","0812023",335,55
"Drużbice","1001032",143,35
"Bełchatów","1001022",149,42
"Rzeczniów","1409042",126,126
"Żurawica","1813102",291,59
"Adamówka","1814022",248,59
"Uchanie","0604072",235,87
"Strzelce Krajeńskie","0806043",385,109
"Działoszyn","1009013",197,85
"Przasnysz","1422011",88,88
"Namysłów","1606023",265,47
"Nowa Dęba","1820043",202,53
"Czeremcha","2005032",160,72
"Świdnica","0219072",356,51
"Trzebnica","0220033",290,27
"Przyrów","2404142",194,72
"Gościeradów","0607042",166,55
"Szczaniec","0808042",366,37
"Krasne","1422052",77,77
"Przasnysz","1422072",95,95
"Pokrzywnica","1424032",42,42
"Łubniany","1609052",266,14
"Czchów","1202033",267,52
"Lipnica Murowana","1201042",268,43
"Stawiski","2006053",146,72
"Turośl","2006062",137,101
"Piątnica","2007052",132,68
"Wizna","2007082",138,53
"Czarny Bór","0221042",379,72
"Szczawno-Zdrój","0221031",370,64
"Brzeg Dolny","0222013",319,28
"Abramów","0608022",120,34
"Zabór","0809092",369,12
"Szprotawa","0810073",383,40
"Dobryszyce","1012022",164,65
"Masłowice","1012102",153,76
"Kobiele Wielkie","1012062",168,83
"Kamieńsk","1012053",157,61
"Gózd","1425022",98,98
"Wierzbica","1425112",109,109
"Popielów","1609092",277,22
"Chrzanów","1203033",261,45
"Trzebinia","1203053",255,39
"Gręboszów","1204032",221,60
"Siemiatycze","2010011",125,81
"Karlino","3201033",404,106
"Bierzwnik","3202012",374,83
"Choszczno","3202023",392,63
"Niegosławice","0810062",373,38
"Kotuń","1426032",67,67
"Krzymów","3010062",184,104
"Chodów","3009032",139,145
"Czerniejewo","3003023",244,40
"Łubowo","3003062",249,37
"Trzemeszno","3003093",222,68
"Koło","3009072",172,114
"Okonek","3031053",320,127
"Rudziniec","2405052",274,42
"Sośnicowice","2405063",283,37
"Opatów","2406052",211,82
"Rudnik","2411082",307,61
"Koziegłowy","2409023",225,43
"Lyski","2412042",301,46
"Zbrosławice","2413092",261,30
"Pszów","2415011",307,48
"Bieruń","2414011",274,17
"Lubomia","2415072",312,55
"Marklowice","2415082",303,41
"Chełm Śląski","2414052",270,18
"Lipowa","2417062",317,61
"Żywiec","2417011",309,58
"Leszno","1432042",32,32
"Stare Babice","1432072",19,19
"Grębków","1433022",61,61
"Nowy Żmigród","1805072",295,56
"Charsznica","1208012",218,40
"Łasin","0406033",195,66
"Dygowo","3208022",412,107
"Ustronie Morskie","3208072",416,112
"Sianów","3209073",384,146
"Łużna","1205062",282,85
"Gorlice","1205042",288,91
"Sejny","2009011",259,110
"Krasnopol","2009032",251,108
"Stoszowice","0224042",355,63
"Gromadka","0201032",378,93
"Ludwin","0610022",161,32
"Adamów","0611032",98,60
"Rzeczenica","2203072",320,126
"Złoczew","1014113",191,72
"Kowiesy","1015042",58,66
"Nowy Kawęczyn","1015072",68,54
"Wodynie","1426122",67,67
"Ustrzyki Dolne","1801083",322,71
"Jeleniewo","2012032",252,122
"Wysokie Mazowieckie","2013011",125,49
"Waganiec","0401082",162,29
"Brzozie","0402042",155,74
"Golczewo","3207023",448,50
"Stanin","0611072",86,79
"Trzebieszów","0611092",104,87
"Parczew","0613043",146,49
"Pszczółki","2204062",269,20
"Przywidz","2204052",285,29
"Lębork","2208011",337,63
"Wicko","2208052",358,80
"Szydłowiec","1430053",118,118
"Brzostek","1803023",262,42
"Radymno","1804021",282,62
"Wiązownica","1804112",265,60
"Słomniki","1206123",233,22
"Mszana Dolna","1207092",295,45
"Suwałki","2063011",243,110
"Zambrów","2014011",115,63
"Łomża","2062011",125,74
"Sicienko","0403072",245,57
"Nowy Tomyśl","3015043",335,52
"Jawor","0205011",361,57
"Raba Wyżna","1211112",307,53
"Pieszyce","0202033",356,56
"Czarnków","3002011",314,61
"Stargard","3214011",425,29
"Chocz","3020013",219,82
"Krzyżanowice","2411042",318,59
"Siekierczyn","0210072",424,126
"Lubin","0211022",352,61
"Ścinawa","0211043",335,51
"Wielka Nieszawka","0415082",188,8
"Konstantynów","0601072",140,117
"Wschowa","0812033",331,54
"Deszczno","0801032",395,83
"Krzyżanów","1002052",111,44
"Łask","1003023",149,29
"Łęczyca","1004011",129,37
"Szulborze Wielkie","1416092",99,99
"Brańszczyk","1435012",61,61
"Rząśnik","1435032",57,57
"Długosiodło","1435022",69,69
"Zabrodzie","1435062",40,40
"Lutocin","1437042",122,122
"Ropczyce","1815033",249,29
"Nowy Sącz","1262011",293,70
"Oleśnica","0214011",278,29
"Dobroszyce","0214032",277,31
"Wąbrzeźno","0417011",184,38
"Fabianki","0418072",148,41
"Bogdaniec","0801022",408,89
"Kocierzew Południowy","1005062",72,60
"Tarczyn","1418063",33,33
"Bielsk","1419012",98,98
"Czarna Białostocka","2002023",190,22
"Gródek","2002042",200,33
"Wasilków","2002133",182,11
"Suraż","2002103",153,24
"Jaworze","2402062",313,51
"Białopole","0603022",235,89
"Wojsławice","0603132",226,77
"Kożuchów","0804043",380,19
"Żarnów","1007082",127,74
"Drobin","1419053",93,93
"Dzierzążnia","1420052",70,70
"Naruszewo","1420072",59,59
"Radomyśl nad Sanem","1818042",180,78
"Brańsk","2003021",135,45
"Boćki","2003042",143,55
"Karsin","2206032",282,71
"Malbork","2209011",241,44
"Ostrówek","1017062",195,76
"Wieluń","1017093",205,88
"Czastary","1018022",219,100
"Ojrzeń","1402062",69,69
"Chełmiec","1210022",288,61
"Korzenna","1210062",282,71
"Dzierżoniów","0202052",344,47
"Skępe","0408073",134,55
"Chrostkowo","0408032",147,43
"Polanów","3209063",363,151
"Dębno","3210033",432,75
"Kołbaskowo","3211022",461,13
"Komarówka Podlaska","0615052",137,73
"Malbork","2209042",244,40
"Parzęczew","1020072",130,26
"Ozorków","1020021",125,24
"Garwolin","1403042",51,51
"Parysów","1403092",50,50
"Grodzisko Dolne","1808022",250,38
"Lubaczów","1809011",272,83
"Jemielno","0204022",321,59
"Sławno","3213062",373,170
"Darłowo","3213011",394,162
"Tarnawatka","0618092",250,97
"Susiec","0618082",250,98
"Telatyn","0618102",273,120
"Kępice","2212053",355,120
"Stara Kornica","1410062",129,129
"Maków Mazowiecki","1411011",70,70
"Płoniawy-Bramura","1411062",83,83
"Wieliczki","2813062",219,142
"Nowe Miasto Lubawskie","2812052",169,68
"Dobre Miasto","2814033",201,25
"Mrągowo","2810032",184,58
"Mikołajki","2810023",179,73
"Budry","2819012",232,105
"Morąg","2815083",201,37
"Małdyty","2815052",205,51
"Dubeninki","2818022",252,153
"Dźwierzuty","2817022",164,36
"Jedwabno","2817032",144,35
"Szczytno","2817011",148,42
"Wilczęta","2802072",231,60
"Wieleń","3002083",335,71
"Trzcianka","3002073",322,76
"Ostrów Wielkopolski","3017042",242,98
"Kraszewice","3018052",210,136
"Mikstat","3018063",225,122
"Stęszew","3021143",299,22
"Luboń","3021011",286,7
"Wronki","3024083",332,57
"Buk","3021033",308,25
"Obrzycko","3024011",312,42
"Ostrowite","3023042",208,76
"Słupca","3023062",209,75
"Turek","3027082",176,116
"Słupca","3023011",218,67
"Brudzew","3027022",168,122
"Książ Wielkopolski","3026033",265,45
"Lądek","3023022",217,70
"Jędrzejów","2602023",184,31
"Słupia (Jędrzejowska)","2602072",199,56
"Kazimierza Wielka","2603033",224,68
"Smyków","2605072",137,28
"Ostrowiec Świętokrzyski","2607011",145,57
"Sadowie","2606062",156,52
"Łączna","2610032",139,20
"Bliżyn","2610022",129,27
"Tolkmicko","2804093",254,89
"Markusy","2804042",231,77
"Srokowo","2808062",223,84
"Kleszczele","2005073",160,61
"Zawoja","1215082",307,55
"Łapsze Niżne","1211082",321,74
"Jelenia Góra","0261011",398,92
"Głuszyca","0221053",369,67
"Choceń","0418052",141,64
"Sitno","0620092",231,78
"Spytkowice","1218062",272,35
"Radzymin","1434093",24,24
"Krasnosielc","1411042",92,92
"Ostrołęka","1461011",101,101
"Rymanów","1807083",304,52
"Jaśliska","1807102",318,67
"Chojnice","2202032",287,99
"Szczecin","3262011",453,0
"Krynica Morska","2210011",262,52
"Koluszki","1006073",102,25
"Lubawka","0207033",394,87
"Zambrów","2014052",114,66
"Kalisz","3061011",212,108
"Opatowiec","2603043",221,66
"Pakosław","3022042",285,90
"Rawicz","3022053",295,88
"Bobrowniki","2401042",247,22
"Oleśnica","2612033",197,54
"Szydłowo","1413082",102,102
"Małkinia Górna","1416052",84,84
"Solec nad Wisłą","1409063",132,132
"Krosno","1861011",287,39
"Baranów","1405032",41,41
"Jaktorów","1405052",41,41
"Chynów","1406032",39,39
"Rabka-Zdrój","1211123",302,50
"Mysłakowice","0206072",394,87
"Barwice","3215023",358,120
"Hańsk","0619032",186,64
"Stary Brus","0619042",173,58
"Smętowo Graniczne","2213112",233,71
"Tczew","2214011",257,31
"Cegłów","1412042",47,47
"Dębe Wielkie","1412052",27,27
"Jakubów","1412082",42,42
"Mińsk Mazowiecki","1412112",36,36
"Siennica","1412132",42,42
"Czermin","1811032",213,60
"Pleśna","1216042",258,66
"Lisia Góra","1216032",238,76
"Kcynia","0410013",258,77
"Nakło nad Notecią","0410033",252,65
"Rypin","0412042",145,57
"Skrwilno","0412052",134,67
"Świdwin","3216011",392,87
"Brzeżno","3216022",389,84
"Wałcz","3217011",332,123
"Komarów-Osada","0620032",245,92
"Stary Dzierzgoń","2216032",211,74
"Pomiechówek","1414052",35,35
"Policzna","1436022",98,98
"Ciepielów","1409022",115,115
"Ulanów","1812073",212,59
"Zakliczyn","1216143",268,61
"Szerzyny","1216162",269,92
"Poronin","1217052",331,79
"Chojnów","0209011",369,76
"Krotoszyce","0209032",364,63
"Osie","0414072",241,70
"Łobez","3218023",397,72
"Bełchatów","1001011",153,47
"Szczerców","1001072",168,56
"Ząbki","1434031",7,7
"Dąbrówka","1434052",32,32
"Klembów","1434072",27,27
"Wołomin","1434123",19,19
"Bircza","1813012",299,49
"Gać","1814032",263,31
"Brzeźnica","1218022",272,28
"Batorz","0605012",181,40
"Janów Lubelski","0605053",198,63
"Potok Wielki","0605072",183,57
"Rzepin","0805043",428,70
"Sulmierzyce","1009082",172,66
"Kiełczygłów","1009022",183,70
"Pajęczno","1009043",188,79
"Nowa Brzeźnica","1009032",187,84
"Baboszewo","1420032",76,76
"Nadarzyn","1421052",26,26
"Michałowice","1421042",18,18
"Baligród","1821012",335,80
"Szczuczyn","2004053",170,76
"Kolno","2006011",143,87
"Strzegom","0219063",355,48
"Izbica","0606042",208,55
"Łopiennik Górny","0606072",193,42
"Lubniewice","0807023",399,69
"Lubrza","0808012",386,42
"Niemodlin","1609073",298,22
"Drwinia","1201032",244,30
"Żmigród","0220063",296,41
"Wińsko","0222022",318,44
"Świdnica","0809072",393,12
"Radomsko","1012011",171,78
"Ładzice","1012092",177,78
"Pionki","1425082",88,88
"Trzciana","1201082",271,36
"Żegocina","1201092",273,40
"Libiąż","1203043",268,49
"Goniądz","2008013",184,55
"Krypno","2008052",167,26
"Dziadkowice","2010032",131,64
"Garbów","0609042",130,23
"Żagań","0810021",401,38
"Parchowo","2201072",315,67
"Miastko","2201063",337,116
"Sadkowice","1013062",68,74
"Przesmyki","1426072",106,106
"Kotlin","3006032",241,70
"Gniezno","3003011",238,50
"Kleczew","3010043",200,84
"Perzów","3008052",250,142
"Kępno","3008033",233,141
"Granowo","3005012",309,31
"Sosnowiec","2475011",254,15
"Czempiń","3011023",295,31
"Koszęcin","2407062",237,47
"Wręczyca Wielka","2406092",216,70
"Mikołów","2408021",274,11
"Toszek","2405073",267,44
"Gaszowice","2412022",301,44
"Pszczyna","2410053",291,26
"Miedźna","2410032",285,25
"Nędza","2411062",300,50
"Ożarowice","2413062",240,29
"Radlin","2415021",304,43
"Łazy","2416053",233,35
"Węgierska Górka","2417152",324,72
"Kroczyce","2416042",211,59
"Izabelin","1432022",21,21
"Ożarów Mazowiecki","1432063",20,20
"Liw","1433042",74,74
"Brzyska","1805022",269,49
"Kołaczyce","1805053",271,42
"Słaboszów","1208072",213,41
"Rogóźno","0406052",205,64
"Radgoszcz","1204062",227,81
"Ząbkowice Śląskie","0224053",345,60
"Przybiernów","3204062",451,37
"Kalisz Pomorski","3203033",373,81
"Puchaczów","0610052",169,32
"Stoczek Łukowski","0611082",72,90
"Koczała","2203052",324,115
"Sierpc","1427052",117,117
"Rościszewo","1427042",116,116
"Repki","1429062",95,95
"Jabłonna Lacka","1429042",99,99
"Brzeg","1601011",292,37
"Czernichów","1206012",265,25
"Kocmyrzów-Luborzyca","1206052",240,15
"Mogilany","1206092",268,15
"Bakałarzewo","2012012",234,111
"Przerośl","2012042",248,127
"Wiżajny","2012092",263,136
"Sokoły","2013082",143,31
"Koneck","0401062",171,26
"Świedziebnia","0402092",141,67
"Osiek","0402082",152,56
"Poniatowa","0612063",134,33
"Łaziska","0612042",132,50
"Karczmiska","0612032",128,40
"Opole Lubelskie","0612053",139,42
"Somonino","2205052",293,33
"Przodkowo","2205032",304,28
"Biała","1017012",211,92
"Jastrząb","1430022",111,111
"Żyraków","1803072",237,43
"Świątniki Górne","1206143",266,12
"Limanowa","1207072",282,47
"Wysokie Mazowieckie","2013102",121,54
"Dobrcz","0403032",227,41
"Golub-Dobrzyń","0405011",167,32
"Banie","3206012",445,38
"Byczyna","1604013",234,52
"Rakoniewice","3005043",330,53
"Wołczyn","1604043",246,42
"Chojnice","2202011",286,104
"Głogów","0203022",349,86
"Barciany","2808022",222,74
"Ujsoły","2417142",335,83
"Lubin","0211011",348,63
"Wleń","0212053",397,93
"Świecie","0414093",218,44
"Chełmża","0415022",195,20
"Łomazy","0601092",149,86
"Łanięta","1002072",123,65
"Strzelce","1002102",113,60
"Widawa","1003042",172,55
"Sędziejowice","1003032",161,42
"Wodzierady","1003052",144,25
"Grabów","1004042",140,52
"Nur","1416062",100,100
"Karczew","1417043",27,27
"Żuromin","1437063",120,120
"Dynów","1816011",281,29
"Błażowa","1816023",271,16
"Kłaj","1219032",253,21
"Augustów","2001022",215,72
"Książki","0417032",182,47
"Płużnica","0417042",195,36
"Brześć Kujawski","0418043",154,47
"Potok Górny","0602112",227,91
"Dąbie","0802042",404,25
"Krosno Odrzańskie","0802063",408,32
"Żyrardów","1438011",47,47
"Radom","1463011",91,91
"Kamień","1816082",224,36
"Twardogóra","0214083",266,43
"Prabuty","2207043",209,77
"Domaniów","0215022",308,26
"Oława","0215011",297,28
"Izbica Kujawska","0418083",155,70
"Jaworzno","2468011",258,21
"Kamień","0603062",218,75
"Rejowiec Fabryczny","0603082",191,44
"Horodło","0604032",251,107
"Trzciel","0803063",362,51
"Kolsko","0804032",353,28
"Nowa Sól","0804052",365,21
"Poświętne","1007062",92,67
"Słubice","1419112",80,80
"Bierawa","1603022",290,52
"Krapkowice","1605023",292,24
"Domaszowice","1606012",258,41
"Zagórz","1817073",323,68
"Pysznica","1818032",197,66
"Brańsk","2003052",136,48
"Wyszki","2003082",145,35
"Wąsosz","2004062",165,67
"Grębocice","0216032",342,74
"Gaworzyce","0216022",362,94
"Chełmno","0404022",213,42
"Kozy","2402072",299,44
"Mierzęcice","2401052",235,33
"Barlinek","3210013",407,63
"Radzyń Podlaski","0615062",118,66
"Nowy Dwór Gdański","2210023",253,34
"Puck","2211031",327,43
"Puck","2211072",331,46
"Stryków","1020083",106,18
"Łaskarzew","1403021",62,62
"Górzno","1403052",61,61
"Wilga","1403132",49,49
"Leżajsk","1808011",238,42
"Jerzmanowa","0203032",353,85
"Góra","0204013",316,69
"Bielice","3212012",440,26
"Warnice","3212062",426,32
"Postomino","3213052",386,178
"Damnica","2212022",356,92
"Słupsk","2212082",369,110
"Skórcz","2213021",243,64
"Skórcz","2213102",244,63
"Nidzica","2811043",136,41
"Kolno","2814082",196,41
"Janowiec Kościelny","2811012",122,55
"Rozogi","2817052",139,67
"Orzysz","2816023",185,97
"Miłomłyn","2815073",189,43
"Świętajno","2817072",152,57
"Świątki","2814122",197,23
"Lubasz","3002052",315,53
"Sieroszewice","3017072",219,119
"Grabów nad Prosną","3018033",220,131
"Pniewy","3024063",325,43
"Murowana Goślina","3021113",276,24
"Czerwonak","3021042",275,15
"Komorniki","3021072",289,10
"Kórnik","3021093",273,20
"Bojanowo","3022013",301,79
"Malanów","3027052",186,113
"Dobra","3027033",169,133
"Władysławów","3027092",181,109
"Czarnocin","2603022",214,58
"Piekoszów","2604142",157,14
"Połaniec","2612053",201,67
"Koprzywnica","2609043",186,73
"Dwikozy","2609022",173,83
"Zawichost","2609093",165,83
"Elbląg","2804012",237,77
"Włoszczowa","2613063",175,48
"Lidzbark Warmiński","2809011",214,40
"Kisielice","2807043",194,82
"Nowy Dwór","2011062",228,63
"Prudnik","1610043",324,46
"Lubrza","1610032",318,43
"Otmuchów","1607063",336,58
"Głuchołazy","1607013",333,54
"Bukowina Tatrzańska","1217032",324,75
"Muszyna","1210113",319,99
"Modliborzyce","0605063",188,55
"Rejowiec","0603153",198,51
"Sulików","0225052",434,134
"Platerówka","0210062",426,126
"Kudowa-Zdrój","0208031",388,91
"Radoszyce","2605043",141,34
"Opatówek","3007083",202,116
"Nieporęt","1408032",19,19
"Żory","2479011",295,30
"Gołdap","2818033",240,133
"Goleniów","3204023",446,17
"Łeba","2208021",365,87
"Andrespol","1006022",112,13
"Drawsko Pomorskie","3203023",381,81
"Kowary","0206021",396,89
"Lutomiersk","1008062",141,22
"Mniszków","1007032",120,55
"Nowogród","2007043",123,85
"Stary Lubotyń","1416082",96,96
"Nowe Skalmierzyce","3017023",219,107
"Czersk","2202043",275,81
"Ostróda","2815092",173,38
"Łubnice","2612022",204,64
"Magnuszew","1407062",55,55
"Międzyzdroje","3207043",477,49
"Klimontów","2609033",178,63
"Sochocin","1420113",63,63
"Rzeszów","1863011",255,0
"Nowiny","2604172",161,8
"Szczawin Kościelny","1404052",101,101
"Nowy Targ","1211092",314,65
"Bolesław","1212032",242,47
"Jordanów","1215052",297,43
"Marciszów","0207042",381,74
"Dąbrowa","0409012",220,52
"Radziejów","0411062",175,43
"Dolice","3214042",410,47
"Szczecinek","3215011",336,140
"Biały Bór","3215033",337,154
"Wola Uhruska","0619072",200,72
"Gniew","2214023",232,62
"Morzeszczyn","2214032",239,59
"Jasieniec","1406062",49,49
"Mogielnica","1406073",65,65
"Kozienice","1407053",77,77
"Mielec","1811052",215,47
"Borowa","1811022",206,62
"Padew Narodowa","1811062",202,58
"Oświęcim","1213062",277,55
"Radłów","1216053",237,58
"Nowa Ruda","0208041",366,70
"Rypin","0412011",144,55
"Krasnobród","0620043",240,88
"Grabowiec","0620022",232,81
"Luzino","2215072",325,44
"Dzierzgowo","1413022",109,109
"Nowy Dwór Mazowiecki","1414011",34,34
"Czosnów","1414022",28,28
"Tczów","1436042",104,104
"Jabłonna","1408022",22,22
"Tarnów","1216092",244,66
"Prochowice","0209073",340,45
"Sośno","0413032",261,74
"Sępólno Krajeńskie","0413023",274,87
"Jeżewo","0414042",232,67
"Koszalin","3261011",391,136
"Jasień","0811043",416,38
"Poświętne","1434082",27,27
"Krasiczyn","1813042",297,56
"Przeworsk","1814011",262,38
"Stryszów","1218072",285,36
"Siewierz","2401073",235,31
"Górzyca","0805022",433,84
"Konstantynów Łódzki","1008011",131,12
"Płońsk","1420011",65,65
"Baranów Sandomierski","1820013",201,56
"Grębów","1820032",195,60
"Olszanica","1821042",320,67
"Chybie","2403052",304,38
"Dzierzkowice","0607032",158,45
"Trzydnik Duży","0607072",171,49
"Ręczno","1010072",143,71
"Czernice Borowe","1422032",92,92
"Krzynowłoga Mała","1422062",104,104
"Gorzów Śląski","1608023",227,53
"Walim","0221082",364,60
"Stare Bogaczowice","0221072",373,66
"Mstów","2404102",194,73
"Kruszyna","2404082",183,90
"Konopiska","2404072",221,56
"Poczesna","2404132",214,57
"Lubartów","0608072",138,28
"Trzebiechów","0809082",367,17
"Żagań","0810092",398,39
"Gidle","1012032",180,92
"Pionki","1425011",89,89
"Trzcianne","2008072",159,42
"Czernica","0223012",293,20
"Kąty Wrocławskie","0223043",322,16
"Siechnice","0223083",302,15
"Żórawina","0223092",311,18
"Ciepłowody","0224022",336,51
"Białogard","3201022",394,106
"Tychowo","3201043",373,121
"Krzczonów","0609092",178,25
"Zakrzew","0609162",181,36
"Brzeźnica","0810032",393,25
"Goszczanów","1014062",182,67
"Mokobody","1426042",73,73
"Gostyń","3004023",283,56
"Blizanów","3007012",212,95
"Żelazków","3007112",204,106
"Bralin","3008022",243,142
"Krotoszyn","3012043",250,87
"Lipie","2406032",207,92
"Woźniki","2407083",232,41
"Knurów","2405011",281,25
"Wyry","2408052",280,14
"Suszec","2410062",291,25
"Myszków","2409011",221,45
"Poraj","2409042",217,51
"Krupski Młyn","2413052",249,47
"Niegowa","2409032",207,60
"Węgrów","1433011",69,69
"Kolbuszowa","1806023",230,26
"Niwiska","1806042",225,35
"Jasło","1805011",278,47
"Dębowiec","1805032",290,58
"Miechów","1208053",220,35
"Lubień","1209022",295,41
"Myślenice","1209033",276,22
"Zbójno","0405062",157,35
"Inowrocław","0407011",200,35
"Widuchowa","3206092",457,35
"Bobolice","3209033",360,140
"Podedwórze","0613052",162,68
"Lubsza","1601052",283,37
"Olszanka","1601062",299,34
"Olesno","1204052",225,68
"Ziębice","0224063",335,61
"Aleksandrów Kujawski","0401011",175,17
"Maszewo","3204033",428,32
"Wysokie","0609152",186,36
"Łęczna","0610033",162,23
"Człuchów","2203011",295,116
"Mochowo","1427032",120,120
"Domaradz","1802022",279,25
"Haczów","1802042",293,40
"Czarna","1803032",240,52
"Zielonki","1206172",245,11
"Filipów","2012022",242,123
"Brojce","3205012",428,78
"Jabłoń","0613022",149,64
"Kolbudy","2204032",285,16
"Suchy Dąb","2204072",266,19
"Osjaków","1017052",191,75
"Mokrsko","1017042",215,98
"Nowa Sucha","1428052",59,59
"Brochów","1428022",52,52
"Jarosław","1804011",269,50
"Pawłosiów","1804062",271,46
"Laskowa","1207062",278,48
"Czyżew","2013033",110,63
"Szepietowo","2013093",123,51
"Nowa Wieś Wielka","0403052",218,33
"Golub-Dobrzyń","0405032",166,36
"Wielichowo","3005053",321,49
"Kluczbork","1604023",241,40
"Zalewo","2807073",201,56
"Oporów","1002092",105,55
"Pęcław","0203052",336,77
"Mściwojów","0205042",357,52
"Wydminy","2806102",204,106
"Siedliszcze","0603113",186,43
"Jeleśnia","2417042",315,71
